08.10.2022 - 18:33: 	–ü–æ–ª—å–∑–æ–≤–∞—Ç–µ–ª—å –≤—ã–±—Ä–∞–ª –æ–ø–µ—Ä–∞—Ü–∏—é 	- üìî ADD
08.10.2022 - 18:33: 	–ü–æ–ª—å–∑–æ–≤–∞—Ç–µ–ª—å –¥–æ–±–∞–≤–∏–ª –¥–∞–Ω–Ω—ã–µ 	- ['–î–∞–≤–∏–¥', '–ê–≤–µ—Ç—è–Ω', '89114567887', '–ê–Ω–∞–ª–∏—Ç–∏–∫']
08.10.2022 - 18:33: 	–ó–∞–ø–∏—Å—ã–≤–∞–µ–º –¥–∞–Ω–Ω—ã–µ –≤ —Ñ–∞–π–ª 	- data.csv
08.10.2022 - 18:34: 	–ü–æ–ª—å–∑–æ–≤–∞—Ç–µ–ª—å –≤—ã–±—Ä–∞–ª –æ–ø–µ—Ä–∞—Ü–∏—é 	- üö™ EXIT
08.10.2022 - 18:34: 	–ü–æ–ª—å–∑–æ–≤–∞—Ç–µ–ª—å –≤—ã—à–µ–ª 	- THE END
08.10.2022 - 18:35: 	–ü–æ–ª—å–∑–æ–≤–∞—Ç–µ–ª—å –≤—ã–±—Ä–∞–ª –æ–ø–µ—Ä–∞—Ü–∏—é 	- üìî ADD
08.10.2022 - 18:35: 	–ü–æ–ª—å–∑–æ–≤–∞—Ç–µ–ª—å –¥–æ–±–∞–≤–∏–ª –¥–∞–Ω–Ω—ã–µ 	- ['–î–∞–Ω–∏–∏–ª', '–ê–≤–µ—Ç—è–Ω', '84957776556', '–ú–æ–π –±—Ä–∞—Ç']
08.10.2022 - 18:35: 	–ó–∞–ø–∏—Å—ã–≤–∞–µ–º –¥–∞–Ω–Ω—ã–µ –≤ —Ñ–∞–π–ª 	- data.csv
08.10.2022 - 18:35: 	–ü–æ–ª—å–∑–æ–≤–∞—Ç–µ–ª—å –≤—ã–±—Ä–∞–ª –æ–ø–µ—Ä–∞—Ü–∏—é 	- üöÄ CONTINUE
08.10.2022 - 18:36: 	–ü–æ–ª—å–∑–æ–≤–∞—Ç–µ–ª—å –≤—ã–±—Ä–∞–ª –æ–ø–µ—Ä–∞—Ü–∏—é 	- üìî ADD
08.10.2022 - 18:36: 	–ü–æ–ª—å–∑–æ–≤–∞—Ç–µ–ª—å –¥–æ–±–∞–≤–∏–ª –¥–∞–Ω–Ω—ã–µ 	- ['–î–∂–µ—Å—Å–∏–∫–∞', '–ê–≤–µ—Ç—è–Ω', '84995433457', '–ú–æ—è —Å–µ—Å—Ç—Ä–∞']
08.10.2022 - 18:36: 	–ó–∞–ø–∏—Å—ã–≤–∞–µ–º –¥–∞–Ω–Ω—ã–µ –≤ —Ñ–∞–π–ª 	- data.csv
08.10.2022 - 18:36: 	–ü–æ–ª—å–∑–æ–≤–∞—Ç–µ–ª—å –≤—ã–±—Ä–∞–ª –æ–ø–µ—Ä–∞—Ü–∏—é 	- üö™ EXIT
08.10.2022 - 18:36: 	–ü–æ–ª—å–∑–æ–≤–∞—Ç–µ–ª—å –≤—ã—à–µ–ª 	- THE END
08.10.2022 - 18:38: 	–ü–æ–ª—å–∑–æ–≤–∞—Ç–µ–ª—å –≤—ã–±—Ä–∞–ª –æ–ø–µ—Ä–∞—Ü–∏—é 		- üö™ EXIT
08.10.2022 - 18:38: 	–ü–æ–ª—å–∑–æ–≤–∞—Ç–µ–ª—å –≤—ã—à–µ–ª 		- THE END
08.10.2022 - 19:00: 	–ü–æ–ª—å–∑–æ–≤–∞—Ç–µ–ª—å –≤—ã–±—Ä–∞–ª –æ–ø–µ—Ä–∞—Ü–∏—é 	- üïµ‚Äç‚ôÇ SEARCH
08.10.2022 - 19:00: 	–ü–æ–∏—Å–∫ –Ω—É–∂–Ω—ã—Ö –¥–∞–Ω–Ω—ã—Ö –ø–æ –∑–Ω–∞—á–µ–Ω–∏—é [–î–∂–µ—Å—Å] 	- data.csv
08.10.2022 - 19:01: 	–ü–æ–ª—å–∑–æ–≤–∞—Ç–µ–ª—å –≤—ã–±—Ä–∞–ª –æ–ø–µ—Ä–∞—Ü–∏—é 	- üö™ EXIT
08.10.2022 - 19:01: 	–ü–æ–ª—å–∑–æ–≤–∞—Ç–µ–ª—å –≤—ã—à–µ–ª 	- THE END
08.10.2022 - 19:09: 	–ü–æ–ª—å–∑–æ–≤–∞—Ç–µ–ª—å –≤—ã–±—Ä–∞–ª –æ–ø–µ—Ä–∞—Ü–∏—é 	- üïµ‚Äç‚ôÇ SEARCH
08.10.2022 - 19:09: 	–ü–æ–∏—Å–∫ –Ω—É–∂–Ω—ã—Ö –¥–∞–Ω–Ω—ã—Ö –ø–æ –∑–Ω–∞—á–µ–Ω–∏—é [–î–∞–Ω–∏] 	- data.csv
08.10.2022 - 19:10: 	–ü–æ–ª—å–∑–æ–≤–∞—Ç–µ–ª—å –≤—ã–±—Ä–∞–ª –æ–ø–µ—Ä–∞—Ü–∏—é 	- üöÄ CONTINUE
08.10.2022 - 19:10: 	–ü–æ–ª—å–∑–æ–≤–∞—Ç–µ–ª—å –≤—ã–±—Ä–∞–ª –æ–ø–µ—Ä–∞—Ü–∏—é 	- üìö VIEW
08.10.2022 - 19:11: 	–ü–æ–ª—å–∑–æ–≤–∞—Ç–µ–ª—å –≤—ã–±—Ä–∞–ª –æ–ø–µ—Ä–∞—Ü–∏—é 	- üïµ‚Äç‚ôÇ SEARCH
08.10.2022 - 19:11: 	–ü–æ–∏—Å–∫ –Ω—É–∂–Ω—ã—Ö –¥–∞–Ω–Ω—ã—Ö –ø–æ –∑–Ω–∞—á–µ–Ω–∏—é [–î–∞–≤] 	- data.csv
08.10.2022 - 19:24: 	–ü–æ–ª—å–∑–æ–≤–∞—Ç–µ–ª—å –≤—ã–±—Ä–∞–ª –æ–ø–µ—Ä–∞—Ü–∏—é 	- üìö VIEW ALL
08.10.2022 - 19:24: 	–ß–∏—Ç–∞–µ–º –¥–∞–Ω–Ω—ã–µ –∏–∑ —Ñ–∞–π–ª–∞ 	- data.csv
08.10.2022 - 19:24: 	–ß–∏—Ç–∞–µ–º –¥–∞–Ω–Ω—ã–µ –∏–∑ —Ñ–∞–π–ª–∞ 	- data.csv
08.10.2022 - 19:24: 	–ü–æ–ª—å–∑–æ–≤–∞—Ç–µ–ª—å –≤—ã–±—Ä–∞–ª –æ–ø–µ—Ä–∞—Ü–∏—é 	- üïµ‚Äç‚ôÇ SEARCH
08.10.2022 - 19:24: 	–ü–æ–∏—Å–∫ –Ω—É–∂–Ω—ã—Ö –¥–∞–Ω–Ω—ã—Ö –ø–æ –∑–Ω–∞—á–µ–Ω–∏—é [–î–∞–≤] 	- data.csv
08.10.2022 - 19:25: 	–ü–æ–ª—å–∑–æ–≤–∞—Ç–µ–ª—å –≤—ã–±—Ä–∞–ª –æ–ø–µ—Ä–∞—Ü–∏—é 	- üïµ‚Äç‚ôÇ SEARCH
08.10.2022 - 19:25: 	–ü–æ–∏—Å–∫ –Ω—É–∂–Ω—ã—Ö –¥–∞–Ω–Ω—ã—Ö –ø–æ –∑–Ω–∞—á–µ–Ω–∏—é [–î–∞–≤] 	- data.csv
08.10.2022 - 19:35: 	–ü–æ–ª—å–∑–æ–≤–∞—Ç–µ–ª—å –≤—ã–±—Ä–∞–ª –æ–ø–µ—Ä–∞—Ü–∏—é 	- üïµ‚Äç‚ôÇ SEARCH
08.10.2022 - 19:35: 	–ü–æ–∏—Å–∫ –Ω—É–∂–Ω—ã—Ö –¥–∞–Ω–Ω—ã—Ö –ø–æ –∑–Ω–∞—á–µ–Ω–∏—é [–î–∞–≤] 	- data.csv
08.10.2022 - 19:36: 	–ü–æ–ª—å–∑–æ–≤–∞—Ç–µ–ª—å –≤—ã–±—Ä–∞–ª –æ–ø–µ—Ä–∞—Ü–∏—é 	- üïµ‚Äç‚ôÇ SEARCH
08.10.2022 - 19:36: 	–ü–æ–∏—Å–∫ –Ω—É–∂–Ω—ã—Ö –¥–∞–Ω–Ω—ã—Ö –ø–æ –∑–Ω–∞—á–µ–Ω–∏—é [–î–∞–≤] 	- data.csv
08.10.2022 - 19:36: 	–ü–æ–ª—å–∑–æ–≤–∞—Ç–µ–ª—å –≤—ã–±—Ä–∞–ª –æ–ø–µ—Ä–∞—Ü–∏—é 	- üïµ‚Äç‚ôÇ SEARCH
08.10.2022 - 19:36: 	–ü–æ–∏—Å–∫ –Ω—É–∂–Ω—ã—Ö –¥–∞–Ω–Ω—ã—Ö –ø–æ –∑–Ω–∞—á–µ–Ω–∏—é [–î–∞–Ω] 	- data.csv
08.10.2022 - 19:37: 	–ü–æ–ª—å–∑–æ–≤–∞—Ç–µ–ª—å –≤—ã–±—Ä–∞–ª –æ–ø–µ—Ä–∞—Ü–∏—é 	- üö™ EXIT
08.10.2022 - 19:37: 	–ü–æ–ª—å–∑–æ–≤–∞—Ç–µ–ª—å –≤—ã—à–µ–ª 	- THE END
08.10.2022 - 19:38: 	–ü–æ–ª—å–∑–æ–≤–∞—Ç–µ–ª—å –≤—ã–±—Ä–∞–ª –æ–ø–µ—Ä–∞—Ü–∏—é 	- üö™ EXIT
08.10.2022 - 19:38: 	–ü–æ–ª—å–∑–æ–≤–∞—Ç–µ–ª—å –≤—ã—à–µ–ª 	- THE END
08.10.2022 - 19:38: 	–ü–æ–ª—å–∑–æ–≤–∞—Ç–µ–ª—å –≤—ã–±—Ä–∞–ª –æ–ø–µ—Ä–∞—Ü–∏—é 	- üìö VIEW ALL
08.10.2022 - 19:38: 	–ß–∏—Ç–∞–µ–º –¥–∞–Ω–Ω—ã–µ –∏–∑ —Ñ–∞–π–ª–∞ 	- data.csv
08.10.2022 - 19:40: 	–ü–æ–ª—å–∑–æ–≤–∞—Ç–µ–ª—å –≤—ã–±—Ä–∞–ª –æ–ø–µ—Ä–∞—Ü–∏—é 	- üìö VIEW ALL
08.10.2022 - 19:40: 	–ß–∏—Ç–∞–µ–º –¥–∞–Ω–Ω—ã–µ –∏–∑ —Ñ–∞–π–ª–∞ 	- data.csv
08.10.2022 - 19:40: 	–ü–æ–ª—å–∑–æ–≤–∞—Ç–µ–ª—å –≤—ã–±—Ä–∞–ª –æ–ø–µ—Ä–∞—Ü–∏—é 	- üìö VIEW ALL
08.10.2022 - 19:41: 	–ß–∏—Ç–∞–µ–º –¥–∞–Ω–Ω—ã–µ –∏–∑ —Ñ–∞–π–ª–∞ 	- data.csv
08.10.2022 - 19:41: 	–ß–∏—Ç–∞–µ–º –¥–∞–Ω–Ω—ã–µ –∏–∑ —Ñ–∞–π–ª–∞ 	- data.csv
08.10.2022 - 19:43: 	–ü–æ–ª—å–∑–æ–≤–∞—Ç–µ–ª—å –≤—ã–±—Ä–∞–ª –æ–ø–µ—Ä–∞—Ü–∏—é 	- üìö VIEW ALL
08.10.2022 - 19:43: 	–ß–∏—Ç–∞–µ–º –¥–∞–Ω–Ω—ã–µ –∏–∑ —Ñ–∞–π–ª–∞ 	- data.csv
08.10.2022 - 19:47: 	–ü–æ–ª—å–∑–æ–≤–∞—Ç–µ–ª—å –≤—ã–±—Ä–∞–ª –æ–ø–µ—Ä–∞—Ü–∏—é 	- üìö VIEW ALL
08.10.2022 - 19:47: 	–ß–∏—Ç–∞–µ–º –¥–∞–Ω–Ω—ã–µ –∏–∑ —Ñ–∞–π–ª–∞ 	- data.csv
08.10.2022 - 19:48: 	–ü–æ–ª—å–∑–æ–≤–∞—Ç–µ–ª—å –≤—ã–±—Ä–∞–ª –æ–ø–µ—Ä–∞—Ü–∏—é 	- üìö VIEW ALL
08.10.2022 - 19:48: 	–ß–∏—Ç–∞–µ–º –¥–∞–Ω–Ω—ã–µ –∏–∑ —Ñ–∞–π–ª–∞ 	- data.csv
08.10.2022 - 19:49: 	–ü–æ–ª—å–∑–æ–≤–∞—Ç–µ–ª—å –≤—ã–±—Ä–∞–ª –æ–ø–µ—Ä–∞—Ü–∏—é 	- üìö VIEW ALL
08.10.2022 - 19:49: 	–ß–∏—Ç–∞–µ–º –¥–∞–Ω–Ω—ã–µ –∏–∑ —Ñ–∞–π–ª–∞ 	- data.csv
08.10.2022 - 19:49: 	–ü–æ–ª—å–∑–æ–≤–∞—Ç–µ–ª—å –≤—ã–±—Ä–∞–ª –æ–ø–µ—Ä–∞—Ü–∏—é 	- üïµ‚Äç‚ôÇ SEARCH
08.10.2022 - 19:49: 	–ü–æ–∏—Å–∫ –Ω—É–∂–Ω—ã—Ö –¥–∞–Ω–Ω—ã—Ö –ø–æ –∑–Ω–∞—á–µ–Ω–∏—é [–î–∞–≤] 	- data.csv
08.10.2022 - 19:50: 	–ü–æ–ª—å–∑–æ–≤–∞—Ç–µ–ª—å –≤—ã–±—Ä–∞–ª –æ–ø–µ—Ä–∞—Ü–∏—é 	- üïµ‚Äç‚ôÇ SEARCH
08.10.2022 - 19:50: 	–ü–æ–∏—Å–∫ –Ω—É–∂–Ω—ã—Ö –¥–∞–Ω–Ω—ã—Ö –ø–æ –∑–Ω–∞—á–µ–Ω–∏—é [–î–∞–≤] 	- data.csv
08.10.2022 - 19:51: 	–ü–æ–ª—å–∑–æ–≤–∞—Ç–µ–ª—å –≤—ã–±—Ä–∞–ª –æ–ø–µ—Ä–∞—Ü–∏—é 	- üïµ‚Äç‚ôÇ SEARCH
08.10.2022 - 19:51: 	–ü–æ–∏—Å–∫ –Ω—É–∂–Ω—ã—Ö –¥–∞–Ω–Ω—ã—Ö –ø–æ –∑–Ω–∞—á–µ–Ω–∏—é [–î–∞–≤] 	- data.csv
08.10.2022 - 19:52: 	–ü–æ–ª—å–∑–æ–≤–∞—Ç–µ–ª—å –≤—ã–±—Ä–∞–ª –æ–ø–µ—Ä–∞—Ü–∏—é 	- /start
08.10.2022 - 19:52: 	–ü–æ–ª—å–∑–æ–≤–∞—Ç–µ–ª—å –≤—ã–±—Ä–∞–ª –æ–ø–µ—Ä–∞—Ü–∏—é 	- üïµ‚Äç‚ôÇ SEARCH
08.10.2022 - 19:52: 	–ü–æ–∏—Å–∫ –Ω—É–∂–Ω—ã—Ö –¥–∞–Ω–Ω—ã—Ö –ø–æ –∑–Ω–∞—á–µ–Ω–∏—é [–î–∞–≤] 	- data.csv
08.10.2022 - 19:52: 	–ü–æ–ª—å–∑–æ–≤–∞—Ç–µ–ª—å –≤—ã–±—Ä–∞–ª –æ–ø–µ—Ä–∞—Ü–∏—é 	- üöÄ CONTINUE
08.10.2022 - 19:52: 	–ü–æ–ª—å–∑–æ–≤–∞—Ç–µ–ª—å –≤—ã–±—Ä–∞–ª –æ–ø–µ—Ä–∞—Ü–∏—é 	- üìö VIEW ALL
08.10.2022 - 19:52: 	–ß–∏—Ç–∞–µ–º –¥–∞–Ω–Ω—ã–µ –∏–∑ —Ñ–∞–π–ª–∞ 	- data.csv
08.10.2022 - 19:52: 	–ü–æ–ª—å–∑–æ–≤–∞—Ç–µ–ª—å –≤—ã–±—Ä–∞–ª –æ–ø–µ—Ä–∞—Ü–∏—é 	- üö™ EXIT
08.10.2022 - 19:52: 	–ü–æ–ª—å–∑–æ–≤–∞—Ç–µ–ª—å –≤—ã—à–µ–ª 	- THE END
08.10.2022 - 20:05: 	–ü–æ–ª—å–∑–æ–≤–∞—Ç–µ–ª—å –≤—ã–±—Ä–∞–ª –æ–ø–µ—Ä–∞—Ü–∏—é 	- üïµ‚Äç‚ôÇ SEARCH
08.10.2022 - 20:05: 	–ü–æ–∏—Å–∫ –Ω—É–∂–Ω—ã—Ö –¥–∞–Ω–Ω—ã—Ö –ø–æ –∑–Ω–∞—á–µ–Ω–∏—é [–≤–∞–ø—Ä] 	- data.csv
08.10.2022 - 20:06: 	–ü–æ–ª—å–∑–æ–≤–∞—Ç–µ–ª—å –≤—ã–±—Ä–∞–ª –æ–ø–µ—Ä–∞—Ü–∏—é 	- üöÄ CONTINUE
08.10.2022 - 20:06: 	–ü–æ–ª—å–∑–æ–≤–∞—Ç–µ–ª—å –≤—ã–±—Ä–∞–ª –æ–ø–µ—Ä–∞—Ü–∏—é 	- üìö VIEW ALL
08.10.2022 - 20:07: 	–ü–æ–ª—å–∑–æ–≤–∞—Ç–µ–ª—å –≤—ã–±—Ä–∞–ª –æ–ø–µ—Ä–∞—Ü–∏—é 	- üïµ‚Äç‚ôÇ SEARCH
08.10.2022 - 20:07: 	–ü–æ–∏—Å–∫ –Ω—É–∂–Ω—ã—Ö –¥–∞–Ω–Ω—ã—Ö –ø–æ –∑–Ω–∞—á–µ–Ω–∏—é [sdfg] 	- data.csv
08.10.2022 - 20:08: 	–ü–æ–ª—å–∑–æ–≤–∞—Ç–µ–ª—å –≤—ã–±—Ä–∞–ª –æ–ø–µ—Ä–∞—Ü–∏—é 	- üöÄ CONTINUE
08.10.2022 - 20:08: 	–ü–æ–ª—å–∑–æ–≤–∞—Ç–µ–ª—å –≤—ã–±—Ä–∞–ª –æ–ø–µ—Ä–∞—Ü–∏—é 	- üìö VIEW ALL
08.10.2022 - 20:08: 	–ß–∏—Ç–∞–µ–º –¥–∞–Ω–Ω—ã–µ –∏–∑ —Ñ–∞–π–ª–∞ 	- data.csv
08.10.2022 - 20:14: 	–ü–æ–ª—å–∑–æ–≤–∞—Ç–µ–ª—å –≤—ã–±—Ä–∞–ª –æ–ø–µ—Ä–∞—Ü–∏—é 	- üìö VIEW ALL
08.10.2022 - 20:14: 	–ß–∏—Ç–∞–µ–º –¥–∞–Ω–Ω—ã–µ –∏–∑ —Ñ–∞–π–ª–∞ 	- data.csv
08.10.2022 - 20:15: 	–ü–æ–ª—å–∑–æ–≤–∞—Ç–µ–ª—å –≤—ã–±—Ä–∞–ª –æ–ø–µ—Ä–∞—Ü–∏—é 	- üö™ EXIT
08.10.2022 - 20:15: 	–ü–æ–ª—å–∑–æ–≤–∞—Ç–µ–ª—å –≤—ã—à–µ–ª 	- THE END
08.10.2022 - 20:17: 	–ü–æ–ª—å–∑–æ–≤–∞—Ç–µ–ª—å –≤—ã–±—Ä–∞–ª –æ–ø–µ—Ä–∞—Ü–∏—é 	- üïµ‚Äç‚ôÇ SEARCH
08.10.2022 - 20:17: 	–ü–æ–∏—Å–∫ –Ω—É–∂–Ω—ã—Ö –¥–∞–Ω–Ω—ã—Ö –ø–æ –∑–∞–ø—Ä–æ—Å—É [–î–∞–≤] 	- data.csv
08.10.2022 - 20:17: 	–ü–æ–ª—å–∑–æ–≤–∞—Ç–µ–ª—å –≤—ã–±—Ä–∞–ª –æ–ø–µ—Ä–∞—Ü–∏—é 	- üöÄ CONTINUE
08.10.2022 - 20:17: 	–ü–æ–ª—å–∑–æ–≤–∞—Ç–µ–ª—å –≤—ã–±—Ä–∞–ª –æ–ø–µ—Ä–∞—Ü–∏—é 	- üìî ADD
08.10.2022 - 20:17: 	–ü–æ–ª—å–∑–æ–≤–∞—Ç–µ–ª—å –¥–æ–±–∞–≤–∏–ª –¥–∞–Ω–Ω—ã–µ 	- ['–ê–Ω–Ω–∞', '–ê–≤–µ—Ç—è–Ω', '89453647523', '–ú–∞–º–∞']
08.10.2022 - 20:17: 	–ó–∞–ø–∏—Å—ã–≤–∞–µ–º –¥–∞–Ω–Ω—ã–µ –≤ —Ñ–∞–π–ª 	- data.csv
08.10.2022 - 20:18: 	–ü–æ–ª—å–∑–æ–≤–∞—Ç–µ–ª—å –≤—ã–±—Ä–∞–ª –æ–ø–µ—Ä–∞—Ü–∏—é 	- üöÄ CONTINUE
08.10.2022 - 20:18: 	–ü–æ–ª—å–∑–æ–≤–∞—Ç–µ–ª—å –≤—ã–±—Ä–∞–ª –æ–ø–µ—Ä–∞—Ü–∏—é 	- üïµ‚Äç‚ôÇ SEARCH
08.10.2022 - 20:18: 	–ü–æ–∏—Å–∫ –Ω—É–∂–Ω—ã—Ö –¥–∞–Ω–Ω—ã—Ö –ø–æ –∑–∞–ø—Ä–æ—Å—É [–ê–Ω–Ω–∞] 	- data.csv
08.10.2022 - 20:18: 	–ü–æ–ª—å–∑–æ–≤–∞—Ç–µ–ª—å –≤—ã–±—Ä–∞–ª –æ–ø–µ—Ä–∞—Ü–∏—é 	- üö™ EXIT
08.10.2022 - 20:18: 	–ü–æ–ª—å–∑–æ–≤–∞—Ç–µ–ª—å –≤—ã—à–µ–ª 	- THE END
08.10.2022 - 20:22: 	–ü–æ–ª—å–∑–æ–≤–∞—Ç–µ–ª—å –≤—ã–±—Ä–∞–ª –æ–ø–µ—Ä–∞—Ü–∏—é 	- üìö VIEW ALL
08.10.2022 - 20:22: 	–ß–∏—Ç–∞–µ–º –¥–∞–Ω–Ω—ã–µ –∏–∑ —Ñ–∞–π–ª–∞ 	- data.csv
